{"cameraMode":{"drawMode":0,"name":"Shaded","section":"Shading Mode"},"sceneLighting":true,"audioPlay":false,"sceneViewState":{"showFog":true,"showMaterialUpdate":false,"showSkybox":true,"showFlares":true,"showImageEffects":true,"showParticleSystems":true},"in2DMode":false,"pivot":{"x":14.600780487060547,"y":-13.415872573852539,"z":0.7677665948867798},"rotation":{"x":0.0006287201540544629,"y":-0.9815746545791626,"z":0.1911279410123825,"w":0.0032293247058987619},"size":990289856.0,"orthographic":false}